{
    "v0": {
        "duration": 3000,
        "bearing": 150,
        "center": [35.220873,31.780924],
        "zoom": 15,
        "pitch": 230
    },
    "v1": {
        "duration": 3000,
        "bearing": 27,
        "center": [35.218651,31.7858693],
        "zoom": 17,
        "pitch": 2
    },
    "v2": {
        "duration": 3000,
        "center": [35.218815,31.784014],
        "bearing": 150,
        "zoom": 17,
        "pitch": 2
    },
    "v3": {
        "duration": 3000,
        "bearing": 150,
        "center": [35.221165,31.781180],
        "zoom": 18,
        "pitch": 40
    },
    "v4": {
        "duration": 3000,
        "bearing": 150,
        "center": [35.224540,31.779339],
        "zoom": 17,
        "pitch": 50
    },
    "v5": {
        "bearing": 80,
        "duration": 3000,
        "center": [35.224325,31.779118],
        "zoom": 17,
        "pitch": 50
    },
    "v6": {
        "bearing": 150,
        "center": [35.223532,31.778097],
        "zoom": 17,
        "duration": 3000,
        "pitch": 40
    }
}